title,author,country,original_language,year,publisher,pages,read_in,rate,review,source,series_name,series_number,genre,isbn
Percy Jackson e o ladrão de raios,Rick Riordan,EUA,inglês,2005,Intrínseca,400,2014,4.0,,Físico,Percy Jackson e os Olimpianos,1,Fantasia,9788598078397
Percy Jackson e o mar de monstros,Rick Riordan,EUA,inglês,2006,Intrínseca,304,2015,4.0,,Físico,Percy Jackson e os Olimpianos,2,Fantasia,9788580573701
Percy Jackson e a maldição do titã,Rick Riordan,EUA,inglês,2007,Intrínseca,336,2015,4.0,,Físico,Percy Jackson e os Olimpianos,3,Fantasia,9788598078588
Percy Jackson e a batalha do labirinto,Rick Riordan,EUA,inglês,2008,Intrínseca,392,2015,4.0,,Físico,Percy Jackson e os Olimpianos,4,Fantasia,9788598078700
Percy Jackson e o último olimpiano,Rick Riordan,EUA,inglês,2009,Intrínseca,384,2016,4.0,,Físico,Percy Jackson e os Olimpianos,5,Fantasia,9788598078908
Harry Potter e a Pedra filosofal,J. K. Rowling,Reino Unido,inglês,1997,Rocco,224,2016,4.0,,Físico,Harry Potter,1,Fantasia,8532511015
Harry Potter e a câmara secreta,J. K. Rowling,Reino Unido,inglês,1998,Rocco,252,2016,4.0,,Físico,Harry Potter,2,Fantasia,853251166X
Harry Potter e o prisioneiro de Azkaban,J. K. Rowling,Reino Unido,inglês,1999,Rocco,394,2016,4.0,,Físico,Harry Potter,3,Fantasia,8532512062
A Escrava Isaura,Bernardo Guimarães,Brasil,português,1875,IBEP Geral,144,2016,3.0,,Físico,,,Literatura Brasileira,9788534230872
Harry Potter e o cálice de fogo,J. K. Rowling,Reino Unido,inglês,2000,Rocco,584,2017,4.0,,Físico,Harry Potter,4,Fantasia,8532512526
Harry Potter e a ordem da fênix,J. K. Rowling,Reino Unido,inglês,2003,Rocco,704,2017,4.0,,Físico,Harry Potter,5,Fantasia,853251622X
Harry Potter e o enigma do príncipe,J. K. Rowling,Reino Unido,inglês,2005,Rocco,472,2017,4.0,,Físico,Harry Potter,6,Fantasia,8532519474
Harry Potter e as relíquias da morte,J. K. Rowling,Reino Unido,inglês,2007,Rocco,592,2018,4.0,,Físico,Harry Potter,7,Fantasia,9788532522610
Assassinatos na rua Morgue e outros contos,Edgar Allan Poe,EUA,inglês,1841,L&PM Pocket,160,2018,3.5,,Físico,,,Terror/Mistério,9788525411310
O mundo assombrado pelos demônios,Carl Sagan,EUA,inglês,1995,Companhia das Letras,512,2019,4.0,,Físico,,,Ciência/Ceticismo,9788535908343
Histórias da meia-noite,Machado de Assis,Brasil,português,1873,Martin Claret,144,2019,3.0,,Físico,,,Literatura Brasileira,9788572329316
O escaravelho de ouro e outros contos,Edgar Allan Poe,EUA,inglês,1843,Pandorga,124,2019,2.5,,Físico,,,Terror/Mistério,9788584422791
A Arte da Guerra,Sun Tzu,China,chinês,-500,Principis,160,2019,3.0,,Físico,,,Filosofia Militar,9788538073642
O corpo fala,"Pierre Weil, Roland Tompakow",Brasil,português,1988,Vozes,154,2019,0.5,,Físico,,,Linguagem Corporal,8532602088
Sapiens: uma breve história da humanidade,Yuval Noah Harari,Israel,hebraico,2011,L&PM Pocket,592,2020,3.5,,Físico,,,História/Antropologia,9788525434616
Demian,Herman Hesse,Alemanha,alemão,1919,Record,187,2020,4.0,,Físico,,,Ficção Filosófica,9788501020291
Pais e Filhos,Ivan Turguêniev,Rússia,russo,1862,Companhia das Letras,344,2020,3.5,,Físico,,,Literatura Russa,9788535932324
Senhor das Moscas,William Golding,Reino Unido,inglês,1954,Alfaguara,224,2020,2.5,,Físico,,,Ficção Alegórica,9788579622878
Pollyanna e Pollyanna moça,Eleanor H. Porter,EUA,inglês,1915,Martin Claret,471,2020,4.0,,Físico,Pollyanna,1-2,Infantojuvenil,8544001041
Fahrenheit 451,Ray Bradbury,EUA,inglês,1953,Biblioteca azul,216,2020,3.5,,Ebook,,,Distopia,9788525052247
O meu pé de laranja lima,José Mauro de Vasconcelos,Brasil,português,1968,Melhoramentos,192,2021,5.0,,Físico,,,Não Identificado,9788506062531
Laranja mecânica,Anthony Burgess,Reino Unido,inglês,1962,Aleph,224,2021,5.0,,Físico,,,Distopia,9788576570035
A revolução dos bichos,George Orwell,Reino Unido,inglês,1945,Companhia das Letras,150,2021,5.0,,Ebook,,,Sátira Política,9788535909555
O chamado de Cthullu e outros contos,H. P. Lovecraft,EUA,inglês,1928,Hedra,166,2021,2.0,,Ebook,,,Terror Cósmico,9788577151165
Assasinato no Expresso Oriente,Agatha Christie,Reino Unido,inglês,1934,HarperCollins,200,2021,4.5,,Ebook,Hercule Poirot,10,Mistério,9788595080638
1984,George Orwell,Reino Unido,inglês,1949,Antofágica,440,2021,5.0,"1984 é uma ótima distopia de George Orwell. Ao ler, senti que ela serviu muito de inspiração para livros como Fahrenheit 451 e Laranja Mecânica, então os leitores desses certamente irão gostar de 1984. O livro é dividido em três partes, sendo que dá para notar uma clara separação entre introdução, desenvolvimento e conclusão. George conseguiu bem passar as emoções através das palavras, de tal forma que você consegue sentir o terror daquele universo distópico. No geral, é um ótimo livro e um das melhores (quiçá a melhor) distopias que já li.",Ebook,,,Distopia,9786586490152
Os sete maridos de Evelyn Hugo,Taylor Jenkins Reid,EUA,inglês,2017,Paralela,360,2021,4.5,"""Os sete maridos de Evelyn Hugo"" certamente é um ótimo livro, capaz de te dar uns apertos no coração. Apesar do livro trazer algumas situações bem impressionantes, também é possível apontar outras muito previsíveis, não estou muito habituado com o gênero, mas conheço alguns clichês, mesmo assim o livro não se baseia somente neles e consegue trazer acontecimentos interessantes. Esse livro também apresenta uma linguagem bem moderna (mesmo que às vezes eu sinta que tem muitas frases de efeito, o que me incomoda um pouco), então a leitura é bem lúdica, um livro fácil de ler e que em nenhum momento fica chato ou repetitivo (claro que assim como todos os livros, ele possui altos e baixos). Taylor Jenkins consegue dar uma bela mensagem com uma bela história nesse livro.",Ebook,,,Ficção Contemporânea,8584391509
Primeiro amor,Ivan Turguêniev,Rússia,russo,1860,"Penguin, Companhia das Letras",112,2021,2.0,"Primeiro amor é uma pequena novela do Ivan Turguêniev que fala sobre a primeira paixão do protagonista Vladimir pela humilde princesa Zinaida. Nota-se que o foco principal do livro não é a história em si (mesmo assim o livro te prepara para a tragédia que está pra acontecer), e sim exprimir os sentimentos do personagem naquela primeira paixão. De certa forma o livro consegue sim transpor todo esse sentimentalismo da adolescência e aborda desde o ápice da alegria até a forte melancolia, mas senti que isso poderia ser abordado de uma forma mais profunda. Talvez pelo tamanho do livro, isso não aconteceu. O vocabulário é bem formal e isso pode fazer a leitura parecer meio lenta, mas para os que estão acostumados com a literatura russa ou com palavras rebuscadas, esse livro pode ser uma boa e rápida experiência.",Ebook,,,Literatura Russa,9788582850213
Dom Casmurro,Machado de Assis,Brasil,português,1899,Saraiva,276,2022,4.0,"Ao falar de Dom Casmurro, boa parte das pessoas apenas lembram da pergunta ""Capitu traiu ou não"", porém ao ler, dá pra notar que o livro é bem mais do que isso, tem toda uma história do romance entre os personagens, a dificuldade que foi deles conseguirem se relacionar até chegar a grandes tragédias do livro e tudo mais. Machado de Assis, apesar de usar um vocabulário rebuscado e até meio difícil (o que era esperado, devido a data de publicação do livro), consegue tornar a leitura intuitiva conversando com o leitor e usando diversas referências da literatura mundial. A história possui seus momentos de altos e baixos, mas ainda sim não se resume apenas à traição ou não traição de Capitu.",Físico,,,Literatura Brasileira,9788502079823
Em algum lugar nas estrelas,Clare Vanderpool,EUA,inglês,2013,DarkSide,288,2022,4.0,"Devo dizer que não colocava muita fé nesse livro ao começar, as primeiras páginas trouxeram uma introdução meio confusa e lenta, eu simplesmente não simpatizava com os personagens. No decorrer, o desenvolvimento tornou a leitura bem mais fluida e o livro se tornou uma aventura emocionante. Talvez algumas pessoas achem algumas coisas forçadas (eu achei um pouco), mas a partir do momento que você compra a história e toda a fantasia envolvida, ela se torna cativante. A princípio, a pessoa se irrita com os personagens e algumas atitudes, mas aprende a gostar. Sobre a conclusão do livro, ela é bem comovente, mas mesmo assim eu achei um pouco apressada. Minha conclusão é Em Algum Lugar nas Estrelas é uma boa aventura que aborda temas como luto, aceitação e amizade. Apesar de seu desenvolvimento ser um pouco abaixo do resto do livro, vale a pena ler a história.",Físico,,,Aventura,9788566636833
O homem duplicado,José Saramago,Portugal,português,2002,Companhia das Letras,288,2022,4.5,"""O caos é uma ordem por decifrar."" O filme de Villenueve foi minha primeira experiência com a obra. Quando assisti, fiquei maravilhado com a história e tudo aquilo me deixou tão curioso que busquei por análises e explicações em todos os lugares. Não me dei por satisfeito e decidi finalmente ler o livro de Saramago. Comparando as duas obras, nota-se como é possível contar a mesma história de jeitos completamente diferentes. Villeneuve com a sua repleta de simbolismos e recursos metalinguísticos; Saramago com seu estilo e trechos reflexivos. Ambos são obras muito complexas. Agora focando apenas nessa obra, devo dizer que o fato do narrador ser muito intrometido e cheio de reflexões, associado ao não uso de pontuação, me incomodavam no início da leitura. Era sempre necessário retomar mais de uma vez ao que já foi lido para entender o que realmente queria ser dito. Mas é possível se acostumar com o tempo, o que mais me incomodava mesmo eram as demasiadas alegorias e reflexões do narrador, talvez isso que me fez sentir que a história poderia ter sido melhor explorada. Sobre o final, claramente é o ponto alto da obra, você fica cada vez mais instigado para o que pode acontecer. Mesmo tendo assistido ao filme, o final me impressionou e me agradou, de tal forma que vai ser necessário um tempo para ""degustar"" tudo... ele é um daqueles que pode ser interpretado de muitas formas. Minha conclusão é que vale sim a pena ler o livro mesmo tendo assistido o filme!",Ebook,,,Literatura Portuguesa,9788535912883
Alice adventures in wonderland,Lewis Carroll,Reino Unido,inglês,1865,AmazonClassics,100,2022,2.5,"""Eu sei quem eu era quando eu levantei hoje de manhã, mas eu acho que devo ter mudado muitas vezes desde então"" Certamente muitas pessoas estão muito bem familiarizadas com Alice no País das Maravilhas, eu sou uma dessas pessoas. Apesar de nunca ter sido apegado a essa história, escolhi esse livro para ser o primeiro a ler totalmente em inglês. O livro é cheio de trechos reflexivos e é possível notar o quanto a Alice cresceu e aprendeu durante a aventura. O livro é muito fácil de ler (afinal é feito para crianças), mas confesso que não me apeguei tanto à história. Além disso, eu não gostei muito do final...",Ebook,Alice no País das Maravilhas,1,Fantasia,1935814168
O guia do mochileiro das galáxias,Douglas Adams,Reino Unido,inglês,1979,Arqueiro,320,2022,2.5,"Antes de ler esse famoso livro, eu realmente não sabia o que esperar. Agora que li, posso dizer que ele não atendeu minhas expectativas. Eis o porquê: Não adianta muito pensar em lógica nesse livro, ele claramente foi feito para ser mais uma comédia com o tema de espaço, então algumas coisas não fazem tanto sentido nele e para mim o humor não funcionou bem, apesar dele ter boas sacadas. Além disso, eu não gostei muito do desenvolvimento, achei apressado (o que prejudica bastante quando se trata de uma aventura) e eu não consegui me conectar com os personagens. Contudo, se o leitor estiver interessado em um livro leve de comédia nonsense com um tema espacial, talvez esse livro seja uma boa pedida.",Físico,O Mochileiro das Galáxias,1,Ficção Científica,9786555651324
Cartas na rua,Charles Bukowski,EUA,inglês,1971,L&PM Pocket,192,2022,4.0,"""A maioria da vida desses homens era tão tortuosa que eu me deliciava lendo-as."" Para mim, essa frase é a que melhor resume as obras de Bukowski (esse não é o primeiro contato que tive com um de seus livros, mas é o primeiro que eu leio completo). É legal ver como ele consegue ser sincero em suas descrições de vivência, o que apesar de ser vulgar, se torna lúdico e deixa a leitura mais leve. Outra coisa interessante é que esse livro não só mostra o dia-a-dia sofrível de Henry Chinaski, como também expõe a realidade precária de pessoas que se humilham para trabalhar.",Ebook,,,Realismo Sujo,9788525424495
"Eu, robô",Isaac Asimov,EUA,inglês,1950,Aleph,320,2022,3.5,"Esse livro reúne 9 contos de Isaac Asimov, ele que é considerado o pai dos robô, todos eles com uma temática futurista relacionada a robôs. Asimov consegue brilhantemente abordar diversos temas como política, geopolítica, religião, ética, etc. sem nunca sair do tema, esse livro realmente te deixa pensativo em alguns pontos. Eu realmente entendo o contexto daquela época, sei quais eram as intenções de Asimov ao escrever essa obra, tudo isso fica bem claro em passagens como ""Os robôs são diferentes dos homens... os robôs são essencialmente decentes"" ou ""Esses reacionários da Sociedade alegam que a Máquina rouba a alma do homem"", então era de se esperar que os contos tivessem finais otimistas. Mas para mim, amante de distopias e nascido no início do século XXI, gostaria de ver os contos serem abordados de um ponto de vista mais pessimista, acho que o final deles decaem um pouco quando toda a construção da história é levada em consideração, justamente por causa desses finais alegres. Apesar disso, é impressionante ver como o Asimov trabalha as leis da robótica de forma criativa em todas as histórias, mesmo que algumas tenham resultado em uma leitura um pouco lenta, é possível notar como algumas obras se influenciaram dessa daqui. Para mim, os melhores contos (em ordem do que mais gostei) são: 8. Evidência 1. Robbie 3. Razão 5. Mentiroso!",Ebook,Série dos Robôs,0.1,Ficção Científica,9788576572008
Contra todas as probabilidades do amor,Rebekah Crane,EUA,inglês,2016,Faro,240,2022,1.0,"Apesar do título do livro ser ""Contra todas as probabilidades do amor"", é possível observar que o livro não tem foco naquilo que quer tratar. A princípio parece querer tratar da saúde mental em adolescentes traumatizados com um foco no desenvolvimento da protagonista, depois fala sobre uma amizade pouco provável, depois embarca em um romance... o livro acaba não trabalhando bem nenhum desses. O final não dá exatamente a ideia de que houve uma evolução da protagonista, a amizade pouco provável traz a personagem mais chata e menos carismática da obra (desculpa, Cassie, mas essa sua personalidade exageradamente boçal não me conquistou) e o romance simplesmente não tem sal quando realmente se concretiza. O livro já me traz uma introdução xoxa, seu desenvolvimento é a parte mais interessante, já que sua conclusão cai nos maiores e mais óbvios clichês de todos. Constantemente senti que os demais personagens (que possuem as personalidades mais superficiais e que se resumem somente àquilo que sofreram, um tipo de ""alimento"" para Cassie se provar como agressiva) foram simplesmente esquecidos. Talvez você possa pensar que, por se tratar de um livro que aborda a saúde mental de adolescentes, ele pelo menos deve trazer uma boa lição, mas passa longe disso por romantizar uma amizade super tóxica e por querer culpar outras pessoas traumatizadas. A escrita desse livro tem tantas frases motivacionais e alegorias mirabolantes que ele fica no limiar de ser considerado um livro de autoajuda... realmente não é o meu estilo.",Físico,,,Romance Jovem Adulto,9788595810105
O retrato de Dorian Gray,Oscar Wilde,Reino Unido,inglês,1890,Mimética,191,2022,3.0,"Comecei o livro com muitas expectativas, ele é tão bem falado... eu esperava um ótimo mistério com um romance LGBT (o que me deixou curioso devido à época que o livro foi publicado) e uma premissa incomum. Porém devo confessar que elas não foram totalmente atendidas (talvez esse seja um dos maiores erros de leitores... criar expectativas altas), não digo que o livro é ruim, pelo contrário, ele me agradou, mas não do jeito que eu esperava. É engraçado pensar que durante o livro, o retrato é apenas um detalhe num emaranhado de acontecimentos. Certamente os pontos altos do livro são aqueles que descrevem determinadas ações que te deixam empolgado para o que pode acontecer, o livro é imprevisível e isso é bom. Porém, quando o livro começa a expor os pensamentos dos personagens (especialmente o de Henrique (ou Henry, dependendo da tradução)) ou descrever cenários, é notório que o ritmo diminui e a leitura fica mais densa. O livro toca em tópicos muito interessantes como o preço da vaidade, a relação entre a aparência e a realidade, altruísmo ou egoísmo, etc. O final também foi bastante agradável e satisfatório, de certa forma. Consigo entender quem leva esse livro como um dos seus favoritos e por isso, acho recomendável sua leitura.",Ebook,,,Clássico,B07PV188F2
A metamorfose,Franz Kafka,Alemanha,alemão,1915,Companhia das Letras,98,2022,5.0,"É incrível pensar que Metamorfose foi escrito em apenas 20 dias e mesmo assim obteve como resultado uma leitura simples, clara e que certamente tem algo para falar, porém ao mesmo tempo difícil (não por causa do vocabulário, mas sim pelo sentimento envolvido). É possível apontar críticas contra a burocracia, o trabalho excessivo, o egoísmo humano, a repulsa ao diferente. Tudo isso muito bem trabalhado por Kafka. É válido dizer que ler esse livro retrata um acontecimento muito melancólico e quanto mais você lê, maior fica o buraco. O livro consegue destruir completamente suas esperanças do início ao fim, realmente muito angustiante. Recomendo para todos, mas reconheço que é necessário ter um estômago forte para ler.",Ebook,,,Ficção Absurda,9788571646858
Capitães de areia,Jorge Amado,Brasil,português,1937,Companhia das Letras,286,2022,4.5,"É com alta sensibilidade e empatia que Jorge Amado nos escreve esse incontestável clássico brasileiro com um nível brilhante de crítica social. Isso porque o livro mostra uma realidade de crianças expostas desde cedo a coisas que qualquer ser humano sentiria horror e infelizmente isso é algo presente até nos dias de hoje. A escrita de Jorge Amado é impressionante, é possível ver a sensibilidade e o desempenho do escritor em cada página, desde as gírias suburbanas representadas na fala até a representação das religiões dos personagens da obra. Uma observação que pode-se destacar também nesse ponto é o número de repetições de trechos do autor para enfatizar o sentimentalismo da obra. Capitães de Areia é uma obra que merece ser lida por todos e não é a toa que foi censurada na época da ditadura, sua crítica contra a burguesia, o abandono familiar, a falta de uma figura materna é muito clara nesta obra.",Ebook,,,Literatura Brasileira,9788535911695
O manifesto comunista,"Karl Marx, Friedrich Engels",Reino Unido,alemão,1848,Montecristo,90,2022,3.0,"""Que as classes dominantes tremam à ideia de uma revolução comunista! Os proletariados nada têm a perder, a não ser sua algemas."" Seja você de direita ou de esquerda, é inegável que esse livro possui uma grande importância. Marx e Engels foram capazes de revelar verdades que são notadas até mesmo hoje em dia (claro que nem tudo condiz, mas a quantidade de acertos é impressionante). O livro supõe que você já saiba de algumas definições sociológicas e tenha uma base sobre o que é o comunismo, afinal ele foi feito para o Partido Comunista e diz qual a finalidade desse. Mesmo pontuando diversos conceitos reais como sociedade e briga de classes, as ideias contidas nele podem ser consideradas utópicas, já que elas se sustentam no poder estatal e no autoconhecimento de sua situação por parte do proletariado (o que é muito difícil de acontecer, a principal prova disso é o Bolsonaro ser presidente). Apesar de ter uma linguagem densa, é notável o tom de revolta que os escritores tiveram para escrever esse livro que deve ser lido por todos que desejam obter mais conhecimento sobre, seja para criticar ou apenas para aprender.",Ebook,,,Política,9781619650671
20000 léguas submarinas,Júlio Verne,França,francês,1872,Pé da Letra,295,2022,4.0,"""O que há de longínquo e excessivamente profundo, quem conseguirá descobrir?"" Esse livro é a principal prova de que Julio Verne estava extremamente a frente de sua época, esse homem era genial, um mestre da geografia, biologia e diversas outras ciências. 20.000 léguas submarina é uma aventura completamente imersiva (qualidade que é reforçada pelo livro ser escrito em primeira pessoa e por haver diversas interações narrador-leitor). Por ser um livro com vários termos técnicos, a leitura pode se tornar um pouco densa em algumas partes; diversas vezes me peguei pesquisando por espécies de animais marinhos e terrestres ou até localizações ao redor do mundo que foram citadas pelo autor. Certamente as melhores partes do livro são os conflitos internos que o protagonista vive. Existem algumas ressalvas sobre os personagens secundários Ned Land e Conseil, acho que podiam ser melhor aproveitados, mas isso não é algo que atrapalha a leitura. No geral, é incrível ver como Verne consegue sustentar uma história que não tem um objetivo claro a princípio; apenas uma aventura, uma exploração que nunca fica desinteressante.",Físico,,,Aventura/Sci-Fi,9788595201200
O alienista,Machado de Assis,Brasil,português,1882,Ática,48,2022,3.0,"Livro curtíssimo de Machado de Assis, mas que apesar do tamanho se trata de uma ótima sátira para a época. Machado utiliza de exageros que chegam a ser cômicos para criticar a valorização exacerbada e totalmente fria da ciência. Já na apresentação do protagonista (Simão Bacamarte), vemos que ele é um cara exageradamente racional e com um parafuso a menos. Apesar de ser sim um livro um pouco datado, ainda é possível associar o conteúdo com coisas da atualidade e também para se divertir com a leitura.",Físico,,,Literatura Brasileira,8508040830
Marx: uma introdução,Jorge Grespan,Brasil,português,2006,Boitempo,104,2022,3.0,"Gostaria de ter lido em um período menos agotado da minha vida, demorei bastante, mas não só por isso como também pelo fato do livro (apesar de ser introdutório para o tema) ter uma linguagem rebuscada que, de certa forma, é comum para a área. Por diversas vezes me peguei voltando várias vezes no mesmo parágrafo para conseguir captar de fato o que o autor quis falar (e isso não garante que eu tenha entendido a complexidade da obra, por isso talvez valha uma futura releitura). Ainda assim, eu o considero uma leitura fácil para o tema e imagino que consegue sintetizar bem o que Marx disse em suas obras. Talvez agora o próximo passo seja ler as obras do próprio Marx, quem sabe um dia...",Ebook,,,História,9786557170694
Ensaio sobre a cegueira,José Saramago,Portugal,português,1995,Caminho,423,2022,5.0,"Esse é o segundo livro que leio do José Saramago (o outro foi o Homem Duplicado), uma coisa em comum com o outro é que esse também tem um final incrível (talvez essa seja uma das características de Saramago, ter um final incrível). Porém o Ensaio sobre a Cegueira traz um universo distópico que não se afasta da realidade, possivelmente por isso ele seja um livro difícil de ler, e não difícil pelo sentido de ser maçante, pelo contrário, esse livro tem uma história muito envolvente porém crua e pesada. As situações pelas quais os personagens passam são totalmente críveis, você facilmente consegue pensar que se realmente existisse uma cegueira contagiosa, o mundo reagiria daquela forma. Aliás, é possível associar com a pandemia de Covid-19, até certo ponto. Mas essa não é a única forma de interpretar, já que Saramago tem a capacidade de colocar uma pulga na nossa orelha a ponto de nos fazer questionar se aquilo tudo que está sendo contado é real, será que de fato a cegueira existiu? será que ele quis fazer algum tipo de alegoria? Tanto que Saramago consegue refletir sobre a responsabilidade de ter visão em meio aos cegos ou sobre a cegueira emocional... Enfim, este é o livro muito abrangente para ser falado em uma mera resenha, de fato Saramago foi um gênio e essa obra mereceu o Nobel de Literatura. Quero reler um dia, foi uma ótima experiência",Ebook,,,Literatura Portuguesa,9789722110211
História da riqueza do homem,Leo Huberman,EUA,inglês,1937,LTC,316,2023,4.0,"Esse livro foi recomendado pelo meu professor de sociologia, eu não estava esperando um livro com uma didática tão simples. É notório que Leo Huberman realmente se importou com a didática, por mais que por causa disso ele tenha que ""sacrificar"" uma análise mais profunda da luta de classes. História da Riqueza do Homem possui fortes críticas contra o capitalismo e serve como livro introdutório para quem quer estudar mais história com um pouco mais de economia. Uma coisa incrível do livro é o fato de Leo ter referência para literalmente TUDO que ele fala, desde relatórios até a outros livros... é um livro realmente incrível.",Físico,,,História/Economia,8521617348
O hobbit,J. R. R. Tolkien,Reino Unido,inglês,1937,HarperCollins,336,2023,4.5,"O que falar de uma obra que todo mundo já sabe a importância e sabe o quão boa ela é? De fato, esse livro merece as glórias que tem. Tolkien realmente conseguiu criar uma obra-prima ao escrevê-lo. O que eu tinha ouvido falar do escritor é que ele tem uma escrita difícil e que era capaz de devagar por páginas e mais páginas para descrever as coisas mais simples, como uma árvore. Mas talvez pelo fato de Hobbit ter sido sua primeira obra do universo e por ter sido escrita para seus filhos quando eles eram crianças, justifica o fato dele ser uma leitura leve e divertida. Pensar que todos esses seres como Trolls, Goblins, Elfos, etc. saíram da imaginação de um cara e que todos eles começam aqui é incrível. Para mim, imagino que Tolkien foi completamente influenciado pelo período em que escreveu (1937, no meio de duas guerras), ele inicia (e que início memorável...) a história sobre um rapaz pacato que logo é obrigado a partir em uma perigosa aventura contra sua própria vontade, ainda assim Tolkien cria um mundo completamente fantasioso que te deixa com vontade de explorar mais e mais... para mim isso é relacionável ao contexto da arte no mundo durante o período pós-guerra e eu realmente gostaria de ouvir discursões sobre isso. No mais, eu estaria sendo muito repetitivo se dissesse que esse livro é maravilhoso. Não preciso dizer mais nada.",Físico,,,Fantasia,9788595084742
Breve romance de sonho,Arthur Schnitzler,Áustria,alemão,1926,Companhia das Letras,112,2023,3.5,"Assim como muita gente, eu tive interesse por esse livro depois de ter a adaptação de 1999 do Stanley Kubrick ""De Olhos Bem Fechados"". É uma obra bastante intrigante e que eu gostei bastante, principalmente pela forma que ela aborda os desejos e o amor, mas além disso, toda a estética noir que ela carrega. Confesso que achei o filme melhor, mas isso não significa que o livro é ruim, muito pelo contrário, a leitura é muito fácil e cada vez mais você fica mais interessado no que está para acontecer.",Ebook,,,Novela,9788535913521
Admirável Mundo Novo,Aldous Huxley,Reino Unido,inglês,1932,Biblioteca azul,312,2023,3.0,"Se você é um leitor do subgênero literário distopia, certamente já deve ter ouvido falar de Admirável Mundo Novo, um clássico... tendo contato com o livro, consigo entender o porquê. Por mais que se trate sim de um universo distópico, é meio louco notar como o tempo todo o livro tenta te imputar a ideia de que na real é uma utopia, afinal, quem não quer viver em um mundo onde ninguém é de ninguém, onde existe uma ""pílula mágica"" que alivia suas dores, um mundo sem culpa e sem tristeza por causa de morte, um mundo que você é de fato feliz com o que faz, independente do que seja? Além de todas essas características que chamam atenção, as coisas de fora desse mundo (Selvagens) são tidas como antiquadas, arcaicas e exageradas. Minha conclusão sobre isso tudo é que o autor tenta manipular o leitor a se sentir seduzido por aquele universo, e por isso não deixa tão evidente o quão prejudicial é a falta de acesso à cultura que aquelas pessoas têm, como o capitalismo já dominou tanto aquele mundo que tudo é feito para ser pensado no consumo e na economia, é quase como uma prisão disfarçada de liberdade. Além disso, Admirável Mundo Novo vai além de debater liberdade e também toca em tópicos como apego fraternal, importância da religião e da arte, etc. Aldous Huxley consegue contar uma história interessante (por mais que às vezes um pouco maçante devido ao tecnicismo de suas palavras) e reflexiva, tanto é que os melhores momentos do livro são conversas sobre tradição x novo.",Físico,,,Distopia,9788525056009
O pequeno príncipe,Antoine de Sain-Exupéry,França,francês,1943,Editiun,103,2023,4.5,"Já não aguentava mais a galera compartilhando o desenho do livro e dizendo ""não confio em que acha que isso é um chapéu"", sendo que todo mundo sabe que é a jiboia que engoliu o elefante. Também não aguentava mais o tanto de ""frases motivacionais"" que eram compartilhadas e retiradas desse livro. Já tinha lido uma versão HQ que gostava bastante, mas agora decidi também ler a versão de texto corrido e posso dizer agora que gosto bastante da obra. O livro é mais que um desenho, o livro é mais que um monte de frases motivacionais. O Pequeno Príncipe é um escrito simples, porém bastante reflexiva. A leitura é muito fluida e a obra merece com toda certeza ser chamada de clássico, vale muito a pena ser lida por todos!",Ebook,,,Fábula,B09LZ3RVZD
Sobre fotografia,Susan Sontag,EUA,inglês,1977,Companhia das Letras,224,2023,3.0,"Para mim, esse livro foi meu primeiro contato com o tema fotografia. Não sou conhecedor de grandes fotógrafos e nem de grandes obras, então posso dizer que esse livro foi minha porta de entrada para um assunto, uma forma de sair um pouco do que estou habituado a ler/conviver. Partindo desse princípio, posso dizer que para mim, Susan Sontag consegue divagar bastante sobre e explora aspectos que eu nunca havia pensado anteriormente, ainda assim, acho que muitas vezes ela foca muito em um determinado autor ou obra e eu ficava meio perdido. A falta de ilustrações nesse livro é um pecado muito grande, porque não era sempre que ela falava que eu tinha uma ferramenta de pesquisa em mãos, por isso acho que as partes que ela fala de algo ou alguém específico foram as que eu menos gostei na obra, apesar disso, todas as reflexões acerca do assunto e a forma que ela fala da fotografia (não sob um olhar científico e sim opinativo) são bastante interessantes.",Físico,,,Ensaio,8535904964
Cazuza,Viriato Corrêa,Brasil,português,1938,Nacional,229,2023,4.0,"Ao receber esse livro, de primeira pensei que tivesse alguma relação com o cantor Cazuza (e todos que me viram com esse livro em mãos perguntaram se era alguma biografia), mas logo descobri que não. Esse livro é de 1938 e recebe esse nome porque em algum lugar no Brasil (já tentei descobrir onde, mas não achei, desconfio que pela região do Maranhão por causa da localidade do livro) cazuza seria sinônimo de menino, talvez esse até tenha sido o motivo pelo qual o cantor receba o apelido. O fato é que Cazuza reúne diversos acontecimentos da infância de um rapaz cujo nome é desconhecido de tal forma que cada uma delas consegue passar uma lição de maneira divertida. O livro é dividido em três partes, sendo respectivamente uma no povoado, outro na vila e outro na capital. Em cada um dos três ele apresenta personagens diferentes e acontecimentos diferentes, porém o foco principal é o convívio de Cazuza com a escola, onde no primeiro capítulo ele sofre uma desilusão e livro narra a forma retrograda que algumas escolas adotavam para educar os alunos (com as bordoadas em réguas nas mãos dos estudantes), no segundo ele tem contato com uma professora dócil e no último ele vai para a escola interna. Ambas as partes conseguem passar ótimas mensagens e de certa forma esse livro me lembrou um pouco ""Meu pé de laranja lima"" que é um dos meus livros favoritos. Minha única ressalva é em relação à parte três, que me dá uma sensação de que Viriato ainda tinha muitas lições para dar e decidiu discorrê-las em textos maçantes ditos por um professor que tem ideias um tanto quanto ultrapassadas (principalmente em relação aos nativos do Brasil e à colonização). No mais, eu recomendo essa leitura, principalmente para o público infanto-juvenil.",Físico,,,Literatura Infantil,8504006778
O processo,Franz Kafka,Alemanha,alemão,1925,Principis,224,2024,4.0,"Esse é o meu segundo livro do Kafka (Metamorfose) e é impressionante como ele consegue fazer começos bem impactantes, ora é uma pessoa metamorfoseada em um inseto, ora é uma pessoa que é acusada de um crime que não sabe qual foi (esse é o caso de O Processo). Porém outra coisa que para mim une essas duas obras é o fato do protagonista estar de mãos completamente atadas diante de sua situação e ser totalmente dependente de terceiros, une isso ao pessimismo de Kafka e você terá essa sensação de angústia presente nas duas obras. O Processo é um livro que explora essa situação de tal forma que a trama parece cada vez mais confusa e sem saída, a sensação é de estar vendo Josef K. (protagonista) entrando em um labirinto sem fim, tomando decisões erradas (mas será que tem forma certa de lidar?) e cada vez mais encurralado por causa da burocracia das grandes instâncias da justiça.",Físico,,,Ficção Absurda,9786555520057
Do socialismo utópico ao socialismo científico,Friedrich Engels,França,alemão,1880,Edipro,96,2024,4.0,"Esse livro me foi bastante recomendado por causa de seu caráter introdutório e sua linguagem mais simples acerca do tema que está se tratando. Mesmo já tendo lido outros de mesmo assunto, decidi ler esse e confesso que me agradei com a leitura. De fato Engels tem uma linguagem mais simples de ser entendida se eu comparar com minhas outras experiências, mas isso não significa que para mim foi uma leitura fácil, ainda sim foi lenta. Porém ainda consegui absorver muito conhecimento da obra, sobretudo das últimas páginas, onde Engels nos mostra o que é o socialismo científico e ainda por cima traz um breve resumo sobre os capítulos do mesmo livro.",Ebook,,,Política,9788572837736
A hora da estrela,Clarice Lispector,Brasil,português,1977,Rocco,88,2024,5.0,"Impressionante como a Clarice consegue tornar essa história tão envolvente e fazer o narrador parecer tão próximo do leitor. A história em si não tem muito mistério e nem grandes acontecimentos, isso até mesmo a narração confessa, porém a forma como é escrita é incrível, me impressionou de um jeito absurdo. O desenvolvimento de Macabéa no decorrer do livro faz você ter interesse na vida dela e curiosidade sobre o que vai acontecer, mesmo que ela não tenha uma forte personalidade ou não pareça nem um pouco interessante. Eu diria que é muito difícil prever o que acontece aqui e que o livro me deixou completamente imerso na história.",Ebook,,,Literatura Brasileira,9788532508126
De quanta terra precisa um homem?,Liev Tolstói,Rússia,russo,1886,Principis,99,2024,4.0,"Esse livro foi a minha primeira experiência com Liev Tolstói, eu não sabia exatamente o que esperar... confesso que no começo da leitura eu estava desanimando um pouco porque parecia um conto cristão de bondade e recompensa (que não é muito meu estilo), isso não é totalmente falso, mas no decorrer da leitura o livro me impressionou e abordou de formas diferentes do que eu imaginava, porque não é apenas religião, Tolstói aborda também a natureza humana, filosofia e outros tópicos interessantes com uma escrita extremamente fluida e acessível. O livro possui 4 contos, todos eles abordam religião de formas diferentes, pretendo falar um pouquinho sobre cada um deles nessa resenha: 1 - Do que vivem os homens: Como eu disse anteriormente, o começo desse pareceu que seria uma história clichê de bondade e recompensa, ele de fato é, mas o desenvolvimento/final me impressionaram. 2 - Três Perguntas: Esse eu achei meio fraco e confuso, o que eu tinha medo de ter acontecido no primeiro, eu senti nesse. Não que seja ruim, mas de todos os contos do livro foi o que eu menos gostei. 3 - A Cafeteria de Surat: A história em si não é tão interessante, mas a forma que é abordada as diversas religiões é bem interessante. 4 - De quanta terra precisa um homem?: O conto que dá nome ao livro, me lembrou até uma espécie de releitura do livro bíblico de Jó, (só que invertido kkkk) achei muito interessante a forma que a história se segue, fiquei muito empolgado na leitura",Ebook,,,Literatura Russa,9786555522372
Maus,Art Spiegelman,EUA,inglês,1991,Companhia das Letras,296,2024,4.5,"Apesar da leitura fluída, da narração dos fatos ter um teor mais jornalística e das pessoas serem representadas por bichos nesse livro, os acontecimentos narradosainda passam o horror que foi o holocausto. Em diversos momentos do livro a situação vai ficando desesperadora e pesada. Os desenhos dos quadrinhos passam a sensação de que a pessoa está assistindo um filme noir (parando para pensar, até o contexto se assemelha com os apresentados em um filme noir). A relação entre pai e filho que acontece em contraste à história do holocausto também é triste, apesar da escrita não dar tanto essa sensação. Esse livro deveria ser lido por todos.",Físico,,,Memórias/Graphic Novel,9788535906288
A morte de Ivan Ilitch,Liev Tolstói,Rússia,russo,1886,Antofágica,312,2024,5.0,"As minhas impressões lendo o começo do livro era que Ivan era um homem muito materialista e superficial, suas únicas preocupações eram o que os outros pensavam e sobre seus bens, como se o miserável fim que ele teve foi algo que ele mesmo construiu. Isso não deixa de ser uma verdade, mas é triste de acompanhar, porque o final é angustiante e de dar dó. A morte de Ivan Ilitch desperta ao leitor um retrato muito realista do fim triste e solitário de alguém que parece não ter criado laços verdadeiros com outras pessoas. Isso é demonstrado até pela vida do Ivan, porque você não vê grandes diálogos entre ele e outras pessoas, suas atitudes parecem ser guiadas apenas pela sua carreira, até o seu casamento! No fim, o que restou? Teria ele vivido de maneira errada? Esse livro é incrível porque faz você refletir sobre isso, é quase como se fosse definido em páginas as fases de aceitação da morte de si... Ivan começa negando sua situação, achando que não é nada demais; depois fica irritado, sua vida fica instável e culpa todos pelo que está sofrendo; depois ele tenta seguir à risca as orientações médicas; quando nem assim as coisas melhoram, ele começa a ficar melancólico e com medo da morte para por fim aceitar a morte que ele tanto temia de braços abertos. Como deve ser triste ficar tanto tempo dependendo de outros para viver a tal ponto de perder a vontade de seguir em frente. Como deve ser triste morrer pensando que não viveu da maneira certa.",Físico,,,Literatura Russa,6580210168
O mundo de Sofia,Jostein Gaarder,Noruega,norueguês,1991,Companhia das Letras,568,2024,4.0,"O Mundo de Sofia é um livro que consegue misturar uma história de uma adolescente com a história da filosofia, de tal forma que às vezes parece até um daqueles livros didáticos de escola sobre a matéria, ao mesmo tempo que tenta encaixar (a princípio de maneira forçada, ao meu ver) com a história de Sofia. Para unir ambos temas, o autor usa de um mistério que no decorrer do livro vai ficando cada vez mais curioso, até chegar no ponto de mudar toda a narrativa. Dito isso, confesso que o começo do livro era meio maçante para mim, tudo parecia meio forçado e a protagonista não me agradava, porém da metade para o fim tudo mudou e cada vez mais fiquei curioso para saber no que as coisas iam dar, eu realmente não esperava por essa. Certamente é um livro muitíssimo criativo e consegue conduzir um mistério de uma maneira peculiar e prazerosa, realmente gostei da experiência.",Físico,,,Romance Filosófico,9788535921892
O alquimista,Paulo Coelho,Brasil,português,1988,Rocco,247,2024,1.5,"Acredito que não só pela fama do livro, mas pela repercussão recente que O Alquimista tem tido, essa obra dispensa apresentações. Certamente está entre um dos mais famosos livros da literatura brasileira e nele Paulo Coelho consegue construir uma interessante e valiosa aventura. A leitura desse livro é muito fluida e prazerosa, sempre tem algo acontecendo que chama a atenção do leitor e a história nunca fica chata, porém me incomoda (e isso é uma opinião minha) bastante a posição de Paulo Coelho ao pôr tantas frases de efeito no decorrer da obra, de tal forma que eu sempre sentia que estava lendo uma espécie de livro de autoajuda ou de lição cristã. O autor não se nega ao assumir uma posição completamente teísta na obra e completamente otimista, sempre colocando o personagem principal em situações que parecem complicadas, mas mostrando que se ele tem fé vai dar tudo certo. O Alquimista, para mim, se resume no que já foi escrito: um monte de frases de efeito com lições de fé e moral disfarçado de uma ótima aventura. Há de se falar também do final da obra, algo que a maioria dos leitores imaginaria desde o início da aventura, mas não me incomoda o fato de ser previsível, há obras que não necessitam de plot twist, e sim a decisão que me parece covarde que é feita no epílogo do livro (eu juro que gargalhei com esse final).",Físico,,,Ficção Espiritual,853250325x
Fundação,Isaac Asimov,EUA,inglês,1951,Aleph,320,2024,4.0,"Em Fundação, Isaac Asimov consegue construir um universo futurista esplêndido que me despertou total interesse, mas para além disso, o foco principal do livro não é em relação às aventuras espaciais ou algo parecido. Fundação está mais para um livro que propõe embates políticos de maneira bem interessante e mostra a reação da sociedade em relação aos acontecimentos narrados. Como é uma história que se passa no decorrer de muitos anos, o livro não possui apenas um personagem principal, o que pode parecer meio confuso e dificultar em tentar manter o leitor apegado aos seus personagens (eu senti um pouco disso no final do livro), mas logo a pessoa se acostuma e cada capítulo tem sua trama e amarra bem a história da fundação. Estou curioso para saber o que acontece nos demais livros!",Físico,Fundação,1,Ficção Científica,9788576574835
Análise de redes sociais: uma visão computacional,Ademir Gabardo,Brasil,português,2015,Novatec,144,2024,,"Sempre fico me perguntando o quanto vale a pena ler um livro sobre computação, a conclusão que eu cheguei após o pouco de experiência que eu adquiri é que vale a pena ler os livros mais teóricos, pois suas informações dificilmente ficarão desatualizadas, porém livros que trazem manual sobre ferramentas específicas facilmente ficam ultrapassados e podem ser facilmente substituídos por um vídeo prático ou até alguns dias de exploração à deus dará no software que você quer ter domínio. Comecei essa resenha dessa forma porque para mim esse livro fica na linha tênue entre os dois tipos de livros citados na introdução. Gabardo consegue introduzir conceitos de grafos de uma ótima maneira, navegando desde pela história do conteúdo até a conceitos realmente interessantes e que valem a pena serem revisados. Porém, na segunda metade do livro, o escritor se atém bastante à aplicação e a ferramentas que eu me questiono se ainda são muito bem atualizadas, não cheguei a testá-las, mas acho uma leitura válida para quem quer revisar o conteúdo de teoria dos grafos.",Físico,,,Tecnologia,9788575224175
Fundação e império,Isaac Asimov,EUA,inglês,1952,Aleph,320,2024,4.5,"O segundo livro de Fundação, assim como o primeiro, explora todo os universo da saga e seus capítulos possuem anos de distância. Porém, esse livro possui apenas dois capítulos (e dessa forma apenas um salto temporal) e toda a história é muito voltada para o personagem (e que baita personagem) do Mulo e dessa forma consegue fazer uma história mais linear e coesa em comparação ao primeiro. Asimov tem muito êxito em construir todo o mistério sobre o Mulo e também ao criar uma tensão sobre os acontecimentos do livro. Por vezes eu me vi muito empolgado e curioso sobre o que poderia acontecer nas próximas páginas e o livro termina com uma grande revelação que me deixou animado para começar o próximo.",Físico,Fundação,2,Ficção Científica,9788576574842
O andar do bêbado,Leonard Mlodinow,EUA,inglês,2008,Zahar,264,2024,4.0,"Cansei de ouvir pessoas perguntando do que o livro se tratava e logo depois se impressionando com o fato de ser um livro sobre estatística (tudo isso por causa do título). Devo dizer que, O Andar do Bêbado é um ótimo livro pra quem é entusiasmado por esse mundo das probabilidades e estatísticas ou até mesmo para te deixar entusiasmado com o tema (eu particularmente sinto que quero aprender mais sobre). Milodnow consegue abordar o tema com um bom humor e informações bem interessantes sobre, é com boas analogias que ele dá uma contextualização histórica da estatística e além de tudo consegue instigar o leitor a estudar mais sober o campo. Devo dizer que apesar disso, a abordagem fica longe de tornar o livro repleto de teorias e cálculos estatísticos, portanto se você busca algo para te empolgar, esse livro é uma boa pedida, porém se você quer de fato aprender estatística, melhor optar por um curso ou um livro que traga esse aspecto mais teórico da coisa.",Físico,,,Matemática/Estatística,9788537801550
Memórias póstumas de Brás Cubas,Machado de Assis,Brasil,português,1881,Moderna,152,2025,5.0,"Acho que falar sobre esse livro é chover no molhado, porque não resta dúvidas do quanto é bom! Memórias Póstumas merece ainda mais reconhecimento do que tem. O livro não só narra a vida de Brás Cubas de uma forma bem interessante (mesmo tendo sido publicado em jornal e por isso ter tantos capítulos), como também traz ótimas reflexões do personagem principal. Possui muitos trechos que te fazem ficar pensando, algumas inclusive bastante famosas (como a dedicatória). Talvez a que mais me chamou atenção foi: ""Mas o livro é enfadonho, cheira a sepulcro, traz certa contração cadavérica; vício grave, e aliás ínfimo, porque o maior defeito deste livro és tu, leitor. Tu tens pressa de envelhecer, e o livro anda devagar; tu amas a narração direita e nutrida, o estilo regular e fluente, e este livro e o meu estilo são como os ébrios, guinam à direita e à esquerda, andam e param, resmungam, urram, gargalham, ameaçam o céu, escorregam e caem..."" Para mim, esse trecho não só traz um artifício que eu curti bastante, que foi esse diálogo que o escritor tem com o leitor, muitas vezes trazendo um humor irônico ou uma impaciência (talvez fruto do pessimismo do Machado sobre a natureza humana), como também traz uma boa reflexão sobre o ato de ler e me fez pensar como cada livro tem o seu tempo e como muitas vezes o que nos faz desgostar dele somos nós mesmos, os principais defeitos dos livros.",Físico,,,Literatura Brasileira,8516011119
A Brevidade da Vida,Sêneca,Roma Antiga,latim,-49,Escala,80,2025,1.0,"Não sei ao certo o que me despertou o interesse na época que salvei esse livro na lista de leitura, talvez um momentâneo interesse em filosofia que tive há uns anos atrás, fato é que agora eu o li e devo dizer que o livro é literalmente o que o título diz: Sobre a Brevidade da vida. Sendo assim, Sêneca traz diversas reflexões sobre a vida e sobre como muitas pessoas se debruçam sobre coisas inúteis, desperdiçando um bem pouco valorizado, mas que nos é precioso: o tempo. Eu senti uma sensação semelhante a quando eu li A Arte da Guerra, no sentido da forma que o livro foi dividido e a literalidade do título. Se tivessem me trazido esse livro sem me falar que era de Sêneca, importante filósofo histórico, eu diria que é um livro de autoajuda (espero não ter ofendido ninguém com esse comentário), talvez se eu tivesse lido em outro momento da minha vida, eu teria gostado mais da leitura.",Físico,,,Filosofia,9788575568378
Frankenstein,Mary Shelley,Reino Unido,inglês,1818,Penguin Classics,230,2025,4.5,"Muito se ouve falar na figura de Frankenstein, sobretudo por causa de sua fama na cultura pop, suas fantasias em épocas de Halloween ou até pelas inúmeras adaptações inspiradas. Sendo assim, não é incomum criar uma ideia de como a trama vai decorrer, afinal, é uma história conhecida por todo mundo, correto? ERRADO! A história desse livro é completamente diferente do que eu imaginava, alguns pontos que me surpreenderam e que dá para citar é que a trama é descrita em um formato sanduíche (começa com um narrador que está contando a história de outro personagem que por sua vez acaba contando a história de outro personagem ou descrevendo cartas feitas por outros); imagina-se que o livro vai narrar a construção do monstro, porém isso é só um trechinho da história. Além disso, a própria figura do monstro é completamente diferente do que é normalmente retratado, porque ele na verdade é uma criatura sensível que só quer ser feliz, não um ser violento e irracional. Com isso, Frankenstein consegue estabelecer uma história muito instigante com reflexões interessantes e momentos angustiantes. É aquele tipo de clássico marcado pelo seu tempo e seu movimento (romantismo, cheio de exageros de fala e sentimentos), com de fácil leitura e muito bom de ler.",Físico,,,Terror/Sci-Fi,9780141198965
Segunda Fundação,Isaac Asimov,EUA,inglês,1953,Aleph,294,2025,5.0,"Assim como Fundação e Império, Segunda Fundação também tem dois grandes pulos temporais (e diferente do primeiro que tem várias), a diferença é que eu senti que nesse, Asimov soube trabalhar ambas as partes da maneira certa, deu tão forma que as duas fossem muito interessantes. Claro, isso se dá porque o livro já começa no final do segundo que tem um baita cliffhanger... Ainda sim, sinto que fiquei completamente vidrado pela história desse livro. Arkady é uma protagonista que encaixa muito bem na história por sua personalidade forte e curiosa. A trama em si é bem inteligente e empolgante de acompanhar. É bom ver que, para mim, a trilogia de fundação foi uma crescente, de tal forma que o primeiro foi o que menos me agradou e esse foi o que eu mais gostei. Futuramente lerei os outros quatro livros da saga e espero gostar tanto quanto gostei desse.",Físico,Fundação,3,Ficção Científica,B015EE5N7G
O morro dos ventos uivantes,Emily Brontë,Reino Unido,inglês,1847,Novo Século,320,2025,4.0,"O morro dos ventos uivantes é daqueles livros que mexe com o seu sentimento e que te faz pensar que nenhum dos personagens é ""gostável"", todos parecem horríveis. Mas a forma que a Emily Brontë constrói isso é muito boa, porque a princípio você tem o Heathcliff (como falar do livro sem falar dele, afinal ele carrega toda a história) como um personagem totalmente ranzinza e misterioso, depois toda sua vida é destrinchada em páginas e o leitor transita em sentimentos de pena até raiva por esse personagem. Assim como o filhote de cuco é inserido em um ninho estranho para usufruir dos cuidados de uma mãe preocupada, Heathcliff foi adotado pela família e fez de tudo para usurpar os bens dela (claro que diferentemente do cuco que faz isso instintivamente, esse personagem alimentou seu ódio pela forma horrível que foi criado). É muito bom acompanhar as maldades que ele planeja, por mais que muitas vezes você fique com pena de todas as pessoas ao redor... esse livro mostra como o ódio só alimenta mais ódio e no fim todo mundo parece um ninho de urubu, todos os personagens são odiáveis (menos Nelly e Lockwood, que assumem a função de ""serem os leitores"", eles que narram a história e assumem uma posição neutra em quase todos os momentos). Talvez o único ponto que não tenha me agradado tanto foi justamente o final, não só porque eu senti que foi apressado, mas também porque cometi o erro de alimentar expectativas que não foram concretizadas. Talvez a principal delas (alerta de spoiler) é o fato de que o plano de Heathcliff de retirar os bens das mãos da família Earnshaw/Linton foi posto por água abaixo no final, por mais que o personagem seja maléfico, é possível entender suas dores e querer que o plano seja executado com sucesso. Apesar disso, reconheço que é uma ótima história com uma leitura muito proveitosa!",Físico,,,Romance Gótico,9786555611144
Noites brancas,Fiódor Dostoiévski,Rússia,russo,1848,Editora 34,96,2025,3.0,"Noites Brancas é um livro bem curto, porém não impede de ter uma história sensível e fácil de ser lido (o que não se espera quando falamos de Dostoiévski). É uma leitura interessante e que consegue trazer um misto de sentimentos do leitor para com os personagens... por mais que eu não tenha curtido o protagonista e toda vez que ele abria a boca, eu sentia que fluidez do livro decaia consideravelmente.",Físico,,,Literatura Russa,9788573263350
Sidarta,Herman Hesse,Alemanha,alemão,1922,Record,160,2025,2.0,"Particularmente não me chama muita atenção livros religiosos como esse, o que me deixou curioso foi o autor Herman Hesse (que escreveu outro livro que eu gosto: Demian). Sendo assim, li sem saber ao certo o que eu ia encontrar. A escrita desse livro, de certa forma, me lembrou a de Alquimista do Paulo Coelho, no sentido de que o protagonista é sempre um personagem muito otimista ou às vezes até conformista com a realidade, o que dá a impressão de ser um livro de autoajuda (e não me agrada muito). A principal diferença de Sidarta em relação ao outro citado é que a história é bem pé no chão, você não tem nada milagroso acontecendo, apenas a vivência do personagem e, ao meu ver, isso torna o livro mais interessante. Em muitas partes eu tive que pesquisar algum termo hindu ou relativo à sociedade do Sidarta. Apesar da história não ter sido muito de meu agrado, confesso que é possível extrair bastantes lições de um personagem que sabe esperar, sabe pensar, sabe jejuar e sabe ouvir.",Físico,,,Ficção Filosófica,8501020303
Júlio Cesar,William Shakespeare,Reino Unido,inglês,1599,"Penguin, Companhia das Letras",184,2025,3.0,"Essa foi a primeira peça que eu li na vida e devo dizer que foi uma experiência bem agradável. Júlio César é uma obra bastante interessante que mostra a parte final da vida do ditador romano que nomeia a peça, também é muito conhecida pela famosa frase ""Até tu, Brutus""... Júlio César traz muitas cenas que tratam de lealdade e é interessante ver o ""deboche"" de alguns personagens (Marco Antônio que o diga), cada um deles com sua característica e seu modo de falar, senti que Shakespeare soube desenvolver muito bem cada um deles. O que eu não curti muito da obra é que faltou uma contextualização histórica do momento, de tal forma que durante a leitura (e até depois) eu tive que pesquisar, por exemplo, o porquê de haver opositores a Júlio César, ou até mesmo quem foi Júlio César antes de todos esses momentos que o livro narra, o livro nem mesmo fala que Brutus é o filho adotivo dele (e essa informação traz bem mais impacto para a famosa cena). Apesar disso, gostei de que essa tenha sido a primeira peça que eu li, mas a falta de algumas informações me deixaram com muitas dúvidas no decorrer da leitura.",Físico,,,Teatro,9788582850657
Planolândia,Edwin Abbott Abbott,Reino Unido,inglês,1884,Tordesilhas,192,2025,3.0,"Planolândia é um livro que desafia a imaginação do leitor, afinal é muito difícil imaginar um mundo em 2d, mas ele faz isso de uma forma bastante explicativa (às vezes até demais e muito técnica). Durante a leitura, muitas vezes senti como se tivesse lendo um livro de geometria ao invés de um romance propriamente dito, um livro de geometria com uma boa didática, por sinal. Através de um simples universo formado por figuras geométricas, é interessante ver como Edwin Abbott traz críticas à sociedade da época. No decorrer da história você nota que os personagens mais fortes (os triângulos irregulares para os homens e todas as mulheres) são os mais desfavorecidos, já os mais frágeis (círculos) representam a classe nobre e como isso é ridículo. Apesar de parecer uma história bem datada, o livro traz bons questionamentos acerca do universo e da geometria no geral. Acredito que qualquer entusiasta da matemática vai curtir a leitura.",Físico,,,Sátira Matemática,9786555680195
"Carrie, a estranha",Stephen King,EUA,inglês,1974,Suma,200,2025,4.0,"Carrie (1976) do Brian de Palma é um dos meus filmes favoritos de terror, foi justamente ter reassistido essa obra que me fez querer ler a obra original do Stephen King. Entendo que são mídias diferentes, é errado comparar e exigir que uma seja a cópia da outra, mas quis ler para entender mais do universo, cada obra é uma obra. Ambas são muito boas e trazem uma boa crítica sobre a religiosidade extrema e cega e sobretudo sobre a cultura do bullying que está tão presente principalmente na sociedade estadunidense. Dada essa introdução, posso dizer que o livro expande demais o universo em comparação ao livro, isso traz pontos positivos e negativos... de ponto positivo, digo que o livro trata os acontecimento de uma forma muito mais grandiosa, é muito interessante como o Stephen King constrói o terror aqui. Gosto da escrita ""morde e assopra"" dele, ele desenvolve uma parte da história até o momento de maior tensão e depois passa para outra parte (não só dando pulos temporais, como também mesclando o texto com outras mídias como entrevistas, artigos científicos, etc., o que torna a leitura mais interessante), isso torna um terror mais consistente ao meu ver. Porém, de ponto negativo, eu acho que quando as coisas são explicadas, elas param de dar tanto medo, acho que aqui o King tenta deixar tudo muito lógico sem motivo. Toda aquela explicação do porquê a Carrie ser diferente enfraquece um pouco a história, além do que aquele último capítulo para mim é completamente descartável, caindo até em clichês ruins do terror.",Físico,,,Terror,9788581050362
Cem anos de solidão ,Gabriel Garcia Marquez ,Colômbia ,espanhol,1967,Record,448,2025,4.0,"Após muito protelar, finalmente decidi ler essa obra e afirmo certamente que não me arrependo! Cem anos de solidão traz uma história incrível da família Buendia e que muito tem a nos falar sobre (como o próprio título diz) a solidão. Não que esse seja o tema martelado e exposto no nosso nariz no decorrer das páginas, na verdade, esse sentimento está velado em todos os personagens, cada um deles com uma ótima construção e com suas características próprias. Falando nos personagens, o livro está repleto deles e às vezes fica um pouco confuso de lembrar quem é quem, não só porque os nomes são bem parecidos, mas também por causa da própria estrutura da escrita, que mistura passado, presente e futuro no mesmo parágrafo e que trata o absurdo como algo comum (afinal Cem anos de Solidão se trata de um realismo mágico). Acho muito legal que todos os personagens possuem diversas camadas, nenhum deles é totalmente bom ou totalmente ruim, muitas vezes eles refletem pessoas com que convivemos aqui na América Latina, e como a tragédia sempre está presente em cada um deles, provando que, como é dito em diversos trechos do livro, a história parece dar voltas e voltas. O final do livro consegue transmitir com sucesso aquilo que falei no início dessa resenha: a solidão. Isso porque Gabriel Garcia Marquez nos mostra a ascensão e a queda não só da família, mas também da casa deles e da cidade (que são quase que outros personagens da trama). Acho muito difícil falar sobre essa incrível obra em uma simples resenha, certamente eu vou relembrar de muita coisa que esqueci de colocar aqui quando reler essa resenha.",Ebook,,,Realismo mágico ,9788501012074